,Baseline,MCPPO,HRL
700,372.17333555350206,278.41448514738136,224.99919784287272
900,396.1575473767143,277.18752820932895,324.88688665853454
1100,348.9380909844489,264.667677389786,209.02366048431296
1300,369.8114304494938,251.30393114645693,226.12714994978597
