,greedy,Baseline,HRL
200,1170.076672435014,45.561403825910574,1.126487438095867
