,Baseline,MCPPO,HRL
700,10388.090313061502,4901.455348345457,8.957325199464808
900,11544.225416868074,4888.359436810139,4384.218354448202
1100,8444.310889754588,4093.8504647864734,7.892305757773807
1300,10810.757282059009,4019.103466829673,188.54087316446356
