,greedy,Baseline,HRL
40,70.51254531044225,45.54804153491055,37.680077882236525
60,82.2310670229293,45.71904391777825,39.97014873737585
80,69.94595778549234,45.4407105511314,40.57489262537889
100,76.91950200440537,43.31006557428565,40.964167778548656
120,81.8214666583566,46.172794786787655,42.15504488621747
