,greedy,Baseline,HRL
40,70.51254531044225,45.54804153491055,38.647590637296666
60,82.2310670229293,45.71904391777825,40.614584445239444
80,69.94595778549234,45.4407105511314,40.80188486003294
100,76.91950200440537,43.31006557428565,40.135416913086395
120,81.8214666583566,46.172794786787655,39.63696057344557
