,greedy,Baseline,HRL
60,82.2310670229293,45.71904391777825,39.183707843638985
80,69.94595778549234,45.4407105511314,40.81485799400305
100,76.91950200440537,43.31006557428565,40.9512111275111
120,81.8214666583566,46.172794786787655,41.019563790783785
