,greedy,Baseline,HRL
200,296.66614308897516,170.4959525830398,140.90433291205534
300,351.8833746674726,170.80126745964316,142.63085740873518
400,293.2489378677549,169.1648833340631,149.40141536051945
500,325.7038042830688,159.27016188425267,145.9610059740711
600,349.7985106507285,168.3682330225868,143.99807260426013
