,greedy,Baseline,HRL
40,-0.7923674227382957,-0.7190349946969967,-0.9904456902680043
60,-0.6347697823243681,-0.7256538215108834,-0.9923289708477031
80,-0.7007369783338521,-0.7281492217846516,-0.9939481639189122
100,-0.6369085773455598,-0.7436130287703392,-0.994621309803286
120,-0.6101605473697291,-0.765685709952572,-0.9953069279390812
