,greedy,Baseline,HRL
40,70.51254531044225,45.54804153491055,37.99027141757493
60,82.2310670229293,45.71904391777825,39.962169051175955
80,69.94595778549234,45.4407105511314,40.96344319635717
100,76.91950200440537,43.31006557428565,40.89046257774228
120,81.8214666583566,46.172794786787655,40.406866352860874
