,greedy,Baseline,HRL
200,797.4045750199953,310.99799540975226,4.893168826696574
300,986.4749104334061,308.1977082394369,3.5119951840862598
400,760.0010385095537,295.76185177028316,2.63426786529007
500,904.0693076435999,269.431319667104,1.9554194995412197
600,993.6361193447099,275.6373693298478,1.6236660955681075
